SampleID,survival_days,event,age,gender,who_grade,idh_status,mgmt_methylation
TCGA-02-0001,450,1,58,M,IV,WT,Unmethylated
TCGA-02-0003,320,1,62,M,IV,WT,Unmethylated
TCGA-02-0006,890,0,45,F,IV,WT,Methylated
TCGA-02-0007,1250,0,38,F,IV,Mut,Methylated
TCGA-02-0009,280,1,68,M,IV,WT,Unmethylated
TCGA-02-0011,540,1,55,M,IV,WT,Unmethylated
TCGA-02-0014,720,0,42,F,IV,WT,Methylated
TCGA-02-0021,180,1,72,M,IV,WT,Unmethylated
TCGA-02-0024,960,0,48,F,IV,Mut,Methylated
TCGA-02-0025,410,1,61,M,IV,WT,Unmethylated
TCGA-02-0027,1580,0,35,F,IV,Mut,Methylated
TCGA-02-0028,350,1,65,M,IV,WT,Unmethylated
TCGA-02-0033,620,1,52,F,IV,WT,Unmethylated
TCGA-02-0034,1100,0,41,M,IV,Mut,Methylated
TCGA-02-0037,240,1,70,F,IV,WT,Unmethylated
TCGA-02-0046,830,0,44,M,IV,WT,Methylated
TCGA-02-0047,490,1,59,F,IV,WT,Unmethylated
TCGA-02-0054,1350,0,36,M,IV,Mut,Methylated
TCGA-02-0055,310,1,66,F,IV,WT,Unmethylated
TCGA-02-0058,670,1,53,M,IV,WT,Unmethylated
TCGA-02-0060,920,0,47,F,IV,Mut,Methylated
TCGA-02-0064,380,1,63,M,IV,WT,Unmethylated
TCGA-02-0068,1450,0,33,F,IV,Mut,Methylated
TCGA-02-0069,260,1,71,M,IV,WT,Unmethylated
TCGA-02-0070,580,1,56,F,IV,WT,Unmethylated
TCGA-02-0071,780,0,43,M,IV,WT,Methylated
TCGA-02-0075,1180,0,39,F,IV,Mut,Methylated
TCGA-02-0080,290,1,67,M,IV,WT,Unmethylated
TCGA-02-0083,510,1,54,F,IV,WT,Unmethylated
TCGA-02-0085,1050,0,46,M,IV,Mut,Methylated
TCGA-02-0086,340,1,64,F,IV,WT,Unmethylated
TCGA-02-0089,720,0,40,M,IV,WT,Methylated
TCGA-02-0099,1620,0,32,F,IV,Mut,Methylated
TCGA-02-0102,230,1,73,M,IV,WT,Unmethylated
TCGA-02-0106,460,1,57,F,IV,WT,Unmethylated
TCGA-02-0107,850,0,49,M,IV,WT,Methylated
TCGA-02-0111,1280,0,37,F,IV,Mut,Methylated
TCGA-02-0113,300,1,69,M,IV,WT,Unmethylated
TCGA-02-0114,550,1,51,F,IV,WT,Unmethylated
TCGA-02-0116,980,0,45,M,IV,Mut,Methylated
